barcode,is_cell,contig_id,high_confidence,length,chain,v_gene,d_gene,j_gene,c_gene,full_length,productive,fwr1,fwr1_nt,cdr1,cdr1_nt,fwr2,fwr2_nt,cdr2,cdr2_nt,fwr3,fwr3_nt,cdr3,cdr3_nt,fwr4,fwr4_nt,reads,umis,raw_clonotype_id,raw_consensus_id,exact_subclonotype_id
AAAGTAGCAATAGAGT-1,true,AAAGTAGCAATAGAGT-1_contig_1,true,524,IGH,IGHV4-59,IGHD3-22,IGHJ3,IGHA1,true,true,QVQLQESGPGLVKPSETLSLTCTVS,CAGGTGCAGCTGCAGGAGTCGGGCCCAGGACTGGTGAAGCCTTCGGAGACCCTGTCCCTCACCTGCACTGTCTCT,GGSISSY,GGTGGCTCCATCAGTAGTTAC,YWSWIRQPPGKGLEWIGYI,TACTGGAGCTGGATCCGGCAGCCCCCAGGGAAGGGACTGGAGTGGATTGGGTATATC,YYTGS,TATTACACTGGGAGC,TNYNPSLKSRVTVSVDTSKNQFSLKLSSVTAADTAVYY,ACCAACTACAACCCCTCCCTCAAGAGTCGAGTCACCGTATCAGTAGACACGTCCAAGAATCAGTTCTCCCTGAAGCTGAGCTCTGTGACCGCTGCGGACACGGCCGTTTATTAC,CARDHRGYYDSSGYFVPDAFDIW,TGTGCGAGAGATCATAGGGGTTACTATGATAGTAGTGGTTATTTTGTGCCCGATGCTTTTGATATCTGG,GQGTMVTVSS,GGCCAAGGGACAATGGTCACCGTCTCTTCAG,48,44,clonotype11,clonotype11_consensus_1,1
AAAGTAGCAATAGAGT-1,true,AAAGTAGCAATAGAGT-1_contig_2,true,633,IGL,IGLV3-19,,IGLJ2,IGLC2,true,true,SSELTQDPAVSVALGQTVRITC,TCTTCTGAGCTGACTCAGGACCCTGCTGTGTCTGTGGCCTTGGGACAGACAGTCAGGATCACATGC,QGDSLRSYYAS,CAAGGAGACAGCCTCAGAAGCTATTATGCAAGC,WYQQKPGQAPVLVIY,TGGTACCAGCAGAAGCCAGGACAGGCCCCTGTACTTGTCATCTAT,GKNNRPS,GGTAAAAACAACCGGCCCTCA,GIPDRFSGSSSGNTASLTITGAQAEDEADYY,GGGATCCCAGACCGATTCTCTGGCTCCAGCTCAGGAAACACAGCTTCCTTGACCATCACTGGGGCTCAGGCGGAAGATGAGGCTGACTATTAC,CNSRDSSGNHLVF,TGTAACTCCCGGGACAGCAGTGGTAACCATCTGGTATTC,GGGTKLTVL,GGCGGAGGGACCAAGCTGACCGTCCTAG,187,157,clonotype11,clonotype11_consensus_2,1
AATCCAGAGAGCTGGT-1,true,AATCCAGAGAGCTGGT-1_contig_1,true,592,IGH,IGHV2-5,,IGHJ4,IGHA1,true,true,QITLKESGPTLVKPTETLTLTCTVS,CAGATCACCTTGAAGGAGTCTGGTCCTACGCTGGTGAAGCCCACAGAGACCCTCACGCTGACCTGTACCGTCTCT,GFSLSTSAV,GGATTCTCACTCAGCACTAGTGCAGTG,GVGWIRQPPGKALEWLSLI,GGTGTGGGCTGGATCCGTCAGCCCCCAGGAAAGGCCCTTGAGTGGCTTTCACTCATT,YWDND,TATTGGGATAATGAT,RRYSPSLKSRLTIKRDTSKNQVILSLTNLDPADTATYY,AGACGCTACAGCCCATCTCTGAAGAGTAGGCTCACCATCAAGAGGGACACCTCCAAGAACCAGGTGATCCTTTCACTGACCAACTTGGACCCTGCGGACACAGCCACATATTAC,CARTYVGPIDSW,TGTGCGCGCACCTATGTCGGCCCTATTGACTCCTGG,GQGMLVTVSS,GGCCAGGGAATGTTGGTCACCGTCTCCTCAG,1016,862,clonotype2,clonotype2_consensus_1,1
AATCCAGAGAGCTGGT-1,true,AATCCAGAGAGCTGGT-1_contig_2,true,668,IGL,IGLV1-40,,IGLJ3,IGLC2,true,true,QSVLTQPSSVSGAPGQRVTISC,CAGTCTGTGCTGACGCAGCCGTCCTCAGTGTCTGGGGCCCCAGGGCAGAGGGTCACCATCTCCTGC,TGSSSNIGAGYSVH,ACTGGGAGCAGTTCCAACATCGGGGCAGGCTATTCTGTTCAC,WYQQLPGTAPKLLIF,TGGTACCAGCAACTTCCAGGAACAGCCCCCAAACTCCTCATCTTT,GNNYSDN,GGTAACAACTATAGTGACAAC,NRPSGVPDRFSGSKSGNSATLAITGLQPEDEAVYY,AATCGGCCCTCAGGGGTCCCTGACCGATTCTCTGGCTCCAAGTCTGGCAACTCAGCCACCCTGGCCATCACTGGGCTCCAGCCTGAGGATGAGGCTGTTTATTAT,CQSHDRSLSDSTVF,TGCCAGTCCCATGACCGTAGCCTGAGTGATTCGACGGTGTTC,GGGTRLTVL,GGCGGAGGGACCAGGCTGACCGTCCTAA,1582,1338,clonotype2,clonotype2_consensus_2,1
AGAGTGGCAAGTTAAG-1,true,AGAGTGGCAAGTTAAG-1_contig_1,true,551,IGK,IGKV1-5,,IGKJ1,IGKC,true,true,EIQMTQSPSTLSASVGDRVTITC,GAAATCCAGATGACCCAGTCTCCTTCCACCCTGTCTGCATCTGTAGGAGACAGAGTCACCATCACTTGC,RASQSISSWLA,CGGGCCAGTCAGAGTATTAGTAGCTGGTTGGCC,WYQQKPGKAPKVLIS,TGGTATCAGCAGAAACCAGGGAAAGCCCCTAAGGTCCTGATCTCT,KASTLES,AAGGCATCTACTTTAGAAAGT,GVPSRFSGSGSGTEFTLTINSLQPDDFATYY,GGGGTCCCATCAAGGTTCAGCGGCAGTGGATCTGGGACAGAATTCACTCTCACCATCAACAGCCTGCAGCCTGATGATTTTGCAACTTATTAC,CQEYNRDSETF,TGCCAAGAGTATAATAGAGATTCAGAGACGTTC,GQGTKVEIK,GGCCAAGGGACCAAGGTGGAGATCAAAC,2074,1692,clonotype1,clonotype1_consensus_2,1
AGAGTGGCAAGTTAAG-1,true,AGAGTGGCAAGTTAAG-1_contig_2,true,646,IGH,IGHV3-53,,IGHJ4,IGHG2,true,true,EVQLVESGGGLIQPGGSLRLSCAAS,GAGGTGCAGCTGGTGGAGTCTGGAGGAGGCTTGATCCAGCCGGGGGGGTCCCTGAGACTCTCCTGTGCAGCCTCT,GLVVNSN,GGGCTCGTCGTCAATAGCAAC,YMSWVRQAPGKGLEWVSFI,TACATGAGTTGGGTCCGCCAGGCTCCAGGGAAGGGGCTGGAATGGGTCTCATTTATT,YSRGT,TATAGCCGTGGTACC,THYVDSVKGRFTISRDNSKNTLYLQMNSLRAEDTAVYY,ACACACTACGTAGACTCCGTGAAGGGCCGGTTCACCATCTCCAGAGACAATTCCAAGAACACTCTGTATCTTCAAATGAACAGTCTGAGAGCCGAGGACACGGCCGTGTATTAT,CNNRKYW,TGTAATAACCGAAAGTACTGG,GQGTLVTVSS,GGCCAGGGAACCCTGGTCACCGTCTCCTCAG,337,304,clonotype1,clonotype1_consensus_1,1
AGCAGCCCAGATGAGC-1,true,AGCAGCCCAGATGAGC-1_contig_1,true,643,IGH,IGHV4-34,,IGHJ6,IGHA1,true,true,QVQLQQWGAGLLKPSETLSLTCAVY,CAGGTGCAACTACAGCAGTGGGGCGCAGGACTGTTGAAGCCCTCGGAGACCCTGTCTCTCACTTGTGCTGTCTAT,GGSFTNS,GGTGGGTCCTTCACTAATTCT,YWTWIRQPPGKGLEWIGDI,TACTGGACCTGGATCCGCCAGCCCCCAGGGAAGGGGCTGGAGTGGATTGGGGACATC,DHRGS,GATCATCGTGGCAGC,TNYNPSLKSRVSISVDTSKNQFSLKLRSVTAADTAVYY,ACCAACTACAACCCGTCCCTCAAGAGTCGCGTCAGCATATCAGTAGACACGTCCAAGAACCAGTTCTCCCTGAAGCTGAGGTCTGTGACCGCCGCGGACACGGCTGTCTATTAC,CARLRRSHGAGSYYDVPPAGAMDVW,TGTGCGAGACTCAGACGGTCGCATGGTGCGGGGAGTTATTATGATGTTCCCCCCGCGGGGGCAATGGACGTCTGG,GQGTTVTVSS,GGCCAGGGGACCACGGTCACCGTCTCCTCAG,1100,974,clonotype16,clonotype16_consensus_1,1
AGCAGCCCAGATGAGC-1,true,AGCAGCCCAGATGAGC-1_contig_2,true,554,IGK,IGKV1D-39,,IGKJ2,IGKC,true,true,DIQMTQSPASLSASVGDRVTITC,GACATCCAGATGACCCAGTCTCCAGCCTCCCTGTCTGCTTCTGTAGGAGACAGAGTCACCATCACTTGC,RASQTINTYLN,CGGGCAAGTCAGACCATTAACACCTATTTAAAT,WYQQKPGKAPKVLIS,TGGTATCAGCAGAAACCAGGGAAAGCCCCTAAGGTCCTCATATCC,DAFSLQT,GACGCATTCAGTTTGCAAACT,GVPSRFSGSGSGTDFTLSISSLQPEDFATYY,GGGGTCCCATCAAGGTTCAGTGGCAGTGGATCTGGGACAGACTTCACGCTCAGCATCAGCAGTCTACAACCTGAAGATTTTGCAACTTACTAC,CQQSYRTPRTF,TGTCAACAGAGCTACAGAACCCCTCGGACTTTT,GQGTKLEIK,GGCCAGGGGACCAAGCTGGAGATCAAAC,2180,1831,clonotype16,clonotype16_consensus_2,1
ATAAGAGCAATGACCT-1,true,ATAAGAGCAATGACCT-1_contig_1,true,635,IGL,IGLV1-51,,IGLJ3,IGLC2,true,true,QSVLTQPPSVSAAPGQKVTISC,CAGTCTGTGTTGACGCAGCCGCCCTCAGTGTCTGCGGCCCCAGGACAGAAGGTCACCATCTCCTGC,SGSSSNIGNSFVS,TCTGGAAGCAGCTCCAACATTGGCAATAGTTTTGTATCC,WYQQLPGTAPKLLMY,TGGTACCAGCAGCTCCCAGGAACAGCCCCCAAACTCCTCATGTAT,ENDKRPS,GAAAATGATAAGCGACCCTCA,GIPDRFSGSKSGTSATLGITGLHTGDEADYY,GGGATTCCTGACCGATTCTCTGGCTCCAAGTCTGGCACGTCAGCCACCCTGGGCATCACCGGACTCCACACTGGGGACGAGGCCGATTATTAC,CGTWDSSLGAGVF,TGCGGTACATGGGATAGCAGCCTGGGTGCTGGGGTGTTC,GGGTKLTVL,GGCGGAGGGACCAAGCTGACCGTCCTAG,1202,1005,clonotype4,clonotype4_consensus_2,1
ATAAGAGCAATGACCT-1,true,ATAAGAGCAATGACCT-1_contig_2,true,660,IGH,IGHV3-23,,IGHJ4,IGHA1,true,true,EVQLLESGGGLVQPGGSLRLSCAAS,GAGGTGCAGCTGTTGGAGTCTGGGGGAGGCTTGGTACAGCCTGGGGGGTCCCTGAGACTCTCCTGTGCAGCCTCT,GFTFSNY,GGGTTTACCTTTAGTAATTAT,AMMWVRQAPGKGLEWVLGI,GCCATGATGTGGGTCCGCCAGGCTCCAGGGAAGGGGCTGGAATGGGTCTTAGGTATT,SGSGAI,AGTGGCAGTGGTGCTATT,AYYADSAKGRFTISRDNSKDTLYLQMNSLRAEDTAIYY,GCATACTACGCAGACTCCGCGAAGGGCCGGTTCACCATCTCCAGAGACAATTCCAAGGACACGCTGTATCTGCAAATGAACAGCCTGAGAGCCGAGGACACGGCCATATATTAC,CAKEKYSGSGSSLDYW,TGTGCGAAAGAAAAATATTCTGGTTCGGGGAGTTCCCTTGACTACTGG,GQGSLVTVSS,GGCCAGGGATCCCTGGTCACCGTCTCCTCAG,628,532,clonotype4,clonotype4_consensus_1,1
CCAGCGACACACGCTG-1,true,CCAGCGACACACGCTG-1_contig_1,true,681,IGH,IGHV3-48,,IGHJ6,IGHA1,true,true,EVQLVESGGGLVQPGGSLKLSCAAS,GAGGTGCAGCTGGTGGAGTCTGGGGGAGGCTTGGTACAGCCTGGAGGGTCCCTGAAACTCTCCTGTGCAGCCTCT,GIIVSNN,GGAATCATCGTCAGTAATAAT,EMNWVRQAPGKGLEWVAYI,GAAATGAACTGGGTCCGCCAGGCTCCAGGGAAGGGGCTGGAGTGGGTAGCATACATT,DRSGRT,GATAGAAGTGGTCGGACC,IYYADSVKGRFTISRDNADNLLYLQMNNLRAEDTAIYY,ATATACTATGCAGACTCTGTGAAGGGCCGATTCACCATCTCCAGAGACAACGCCGACAACTTACTGTATCTGCAGATGAACAATCTGAGAGCCGAGGACACGGCTATTTATTAC,CTRDTFQPGNIAVSGTYYGMDVW,TGTACGAGAGATACTTTTCAGCCGGGGAATATAGCAGTATCTGGCACCTACTATGGTATGGACGTCTGG,GQGTTVTVSS,GGCCAAGGGACCACGGTCACCGTCTCCTCAG,305,275,clonotype13,clonotype13_consensus_1,1
CCAGCGACACACGCTG-1,true,CCAGCGACACACGCTG-1_contig_2,true,568,IGK,IGKV3-11,,IGKJ5,IGKC,true,true,EIVLTQSPATLSLFPGERATLSC,GAAATTGTGTTGACACAGTCTCCAGCCACCCTGTCTTTGTTTCCAGGGGAAAGAGCCACCCTCTCCTGC,RASQNVNSYLA,AGGGCCAGTCAGAATGTTAACAGCTACTTAGCC,WYQQKPGRAPRLLIY,TGGTACCAACAAAAACCTGGCCGGGCTCCCAGGCTCCTCATCTAT,DASNRAT,GATGCATCCAACAGGGCCACT,GIPTRFSGTASGTDFTLTISSLEPEDFAVYY,GGCATCCCAACCAGGTTCAGTGGCACTGCGTCTGGGACAGACTTCACTCTCACCATCAGCAGCCTAGAGCCTGAAGATTTTGCAGTTTATTAC,CQQRGKWPPITF,TGTCAGCAGCGTGGCAAGTGGCCTCCGATCACCTTC,GQGTRLEIK,GGCCAAGGGACACGACTGGAAATTAAAC,2425,2002,clonotype13,clonotype13_consensus_2,1
CGTGAGCTCACGAAGG-1,true,CGTGAGCTCACGAAGG-1_contig_1,true,669,IGH,IGHV1-46,,IGHJ5,IGHA2,true,true,QLQLVQSGAEVKKPGASVKVSCKTS,CAGCTGCAGCTGGTGCAGTCTGGGGCTGAGGTGAAGAAGCCTGGGGCCTCAGTGAAGGTTTCCTGCAAGACATCT,GYTFPSY,GGATACACCTTCCCCAGTTAC,FIHWVRQAPGQGREWMGVI,TTTATACACTGGGTGCGACAGGCCCCTGGACAAGGGCGTGAGTGGATGGGAGTCATC,NPSDGT,AACCCTAGTGATGGTACC,TSYAQEFQGRVTMTRDPSTSTVYMELSSLTSEDTALYY,ACAAGTTACGCACAGGAGTTCCAGGGCAGAGTCACCATGACCAGGGACCCGTCCACGAGCACAGTCTACATGGAACTGAGCAGCCTGACATCTGAGGACACGGCCCTCTATTAC,CARGVGRFGGGPSQTPVFGPNNWFDPW,TGTGCGAGAGGCGTAGGGAGGTTTGGGGGAGGCCCCAGTCAGACCCCGGTATTTGGCCCAAACAACTGGTTCGACCCCTGG,GQGTLVTVSS,GGCCAGGGAACCCTGGTCACCGTCTCCTCAG,585,552,clonotype15,clonotype15_consensus_1,1
CGTGAGCTCACGAAGG-1,true,CGTGAGCTCACGAAGG-1_contig_2,true,656,IGL,IGLV1-40,,IGLJ3,IGLC2,true,true,QSVLTQPPSVSGAPGQRVTISC,CAGTCTGTGCTGACGCAGCCGCCCTCAGTATCTGGGGCCCCGGGGCAGAGGGTCACCATCTCCTGC,TGSSSNIGAGYDVH,ACTGGGAGCAGCTCCAACATCGGGGCAGGTTATGATGTACAC,WYQHLPGTAPKLLIY,TGGTACCAGCACCTTCCAGGAACAGCCCCCAAACTCCTCATTTAT,GNNVRPS,GGTAACAACGTTCGGCCCTCA,GVPDRFSGSKSGASASLAITGLQAEDEADYY,GGGGTCCCTGACCGATTCTCTGGCTCCAAGTCTGGCGCCTCAGCCTCCCTGGCCATCACTGGCCTCCAGGCTGAGGATGAGGCTGATTATTAC,CQSYDISLSGSWVF,TGCCAGTCCTATGACATCAGCCTGAGTGGTTCGTGGGTGTTC,GGGTKLTVL,GGCGGAGGGACCAAGCTGACCGTCCTAG,1874,1737,clonotype15,clonotype15_consensus_2,1
CTCATTAGTTCCATGA-1,true,CTCATTAGTTCCATGA-1_contig_1,true,663,IGH,IGHV3-53,,IGHJ3,IGHA1,true,true,GVQLVESGGGLIQPGGSLRLSCAAS,GGGGTGCAGCTGGTGGAGTCTGGAGGAGGCTTGATCCAGCCTGGGGGGTCCCTGAGACTCTCTTGTGCAGCCTCT,GFTVSNN,GGGTTCACCGTCAGTAACAAC,YMSWVRQGPGKGLEWVSFI,TACATGAGCTGGGTCCGCCAGGGTCCAGGGAAGGGGCTGGAGTGGGTCTCATTTATT,YSDGS,TATAGCGATGGTAGC,TYYADSVKGRFTISRDNSKNTLYLQMNSLRAEDTAVYY,ACATACTACGCAGACTCCGTGAAGGGCCGATTCACCATCTCCAGAGACAATTCCAAGAACACGCTGTATCTTCAAATGAACAGCCTGAGAGCCGAAGACACGGCCGTCTATTAC,CARGGWGQWLVPKPDCFDVW,TGTGCGAGAGGGGGGTGGGGGCAGTGGCTGGTACCGAAACCCGATTGTTTTGATGTCTGG,GQGTMVTVSS,GGCCAAGGGACAATGGTCACCGTCTCTTCAG,954,855,clonotype8,clonotype8_consensus_1,1
CTCATTAGTTCCATGA-1,true,CTCATTAGTTCCATGA-1_contig_2,true,548,IGK,IGKV1-5,,IGKJ1,IGKC,true,true,DIQVTQSPSTLSASVGDRVTITC,GACATCCAGGTGACCCAGTCTCCTTCCACCCTGTCTGCATCTGTAGGAGACAGAGTCACCATCACTTGC,RASQSISSWLA,CGGGCCAGTCAGAGTATTAGTAGCTGGTTGGCC,WYQQKPGKAPKLLIY,TGGTATCAGCAGAAACCAGGGAAAGCCCCTAAGCTCCTGATCTAT,KASSLQS,AAGGCGTCTAGTTTACAAAGT,GVPSRFSGSGSGTEFTLTISSLQPDDFGTYY,GGGGTCCCATCAAGGTTCAGCGGCAGTGGATCTGGGACAGAATTCACTCTCACCATCAGCAGCCTGCAGCCTGATGATTTTGGAACTTATTAC,CQQYNSQWTF,TGCCAACAGTATAATAGCCAGTGGACGTTC,GQGTKVEIK,GGCCAAGGGACCAAGGTGGAAATCAAAC,2927,2466,clonotype8,clonotype8_consensus_2,1
CTGTTTAAGCTTCGCG-1,true,CTGTTTAAGCTTCGCG-1_contig_1,true,672,IGH,IGHV3-23,,IGHJ5,IGHA2,true,true,EVQLLESGGGLVQSGGSLRLSCVAS,GAGGTGCAGTTGTTGGAGTCTGGGGGAGGCTTGGTACAGTCGGGGGGGTCCCTGAGACTCTCCTGTGTAGCCTCT,GFTFSSY,GGATTCACGTTTAGCAGCTAT,AMSWVRQAPGKGLEWVSAI,GCCATGAGCTGGGTCCGCCAGGCTCCAGGGAAGGGGCTGGAGTGGGTCTCAGCTATT,NDGGGT,AATGATGGTGGGGGTACC,IYYADSVKGRFTISRDNSKNTVYLQMNSLRAEDTAVYF,ATATACTACGCAGACTCCGTGAAGGGCCGGTTCACCATCTCCAGAGACAATTCCAAGAACACGGTGTATCTGCAAATGAACAGCCTGAGAGCCGAAGACACGGCCGTATATTTC,CAKGAYTGGSESPPYAFDPW,TGTGCGAAAGGGGCGTATACGGGGGGTTCCGAATCCCCTCCATATGCGTTCGACCCCTGG,GQGTLVTVSS,GGCCAGGGAACCCTGGTCACCGTCTCTTCAG,185,156,clonotype10,clonotype10_consensus_1,1
CTGTTTAAGCTTCGCG-1,true,CTGTTTAAGCTTCGCG-1_contig_2,true,551,IGK,IGKV1-5,,IGKJ1,IGKC,true,true,DIQMTQSPSTLSASVGDRVTITC,GACATCCAGATGACCCAGTCTCCTTCCACCCTGTCTGCATCTGTAGGAGACAGAGTCACCATCACTTGC,RASQSLSSWLA,CGGGCCAGTCAGAGTCTTAGTAGCTGGTTGGCC,WYQQKPGKAPKLLIY,TGGTATCAGCAGAAACCAGGGAAAGCCCCTAAGCTCCTGATCTAT,KASSLES,AAGGCGTCTAGTTTAGAAAGT,GVPSRFSGSGSGTEFTLTISSLQPDDFATYY,GGGGTCCCATCAAGATTCAGCGGCAGTGGATCTGGGACAGAATTCACTCTCACCATCAGCAGCCTGCAGCCTGATGATTTTGCAACTTATTAC,CQQYNGYSRTF,TGCCAACAGTATAATGGTTATTCTAGGACGTTC,GQGTKVEIK,GGCCAAGGGACCAAGGTGGAAATCAAAC,612,505,clonotype10,clonotype10_consensus_2,1
GAACGGACAGGCTCAC-1,true,GAACGGACAGGCTCAC-1_contig_1,true,637,IGL,IGLV2-11,,IGLJ3,IGLC2,true,true,QSVLTQPRSVSGSPGQSVTLSC,CAGTCTGTCCTGACTCAGCCTCGCTCAGTGTCCGGGTCTCCTGGACAGTCAGTCACCCTCTCCTGC,TGTSSDVGASKYVF,ACTGGAACCAGCAGTGATGTTGGTGCTTCTAAGTATGTCTTC,WYQQHPGKAPKLMIF,TGGTACCAACAACACCCAGGCAAAGCCCCCAAACTCATGATTTTT,DLNKRPS,GATCTCAATAAGCGGCCCTCA,GVPDRFSGSKSGNTASLTIAGLQAEDEADYY,GGGGTCCCTGATCGCTTCTCTGGCTCCAAGTCTGGCAACACGGCCTCCCTGACCATCGCTGGGCTCCAGGCTGAGGATGAGGCTGATTATTAC,CCSYAGSYTLVF,TGCTGTTCATATGCAGGCAGTTACACTTTGGTGTTC,GGGTKLTVL,GGCGGAGGGACCAAGCTGACCGTCCTAG,2186,1813,clonotype12,clonotype12_consensus_2,1
GAACGGACAGGCTCAC-1,true,GAACGGACAGGCTCAC-1_contig_2,true,617,IGH,IGHV3-7,,IGHJ4,IGHG2,true,true,EAQLVESGGGLVQPGGSLRLSCADS,GAGGCACAGCTGGTGGAGTCTGGGGGAGGCTTGGTCCAGCCTGGGGGGTCCCTGAGACTCTCCTGTGCAGACTCT,RLTFSSY,AGACTCACCTTTAGTAGTTAC,WMTWVRQAPGKGLEWVANI,TGGATGACCTGGGTCCGCCAGGCTCCAGGGAAGGGGCTGGAGTGGGTGGCCAACATA,RQDGSE,AGGCAAGATGGAAGTGAG,KYYVDSVKGRFTISRDNAKRSLFLQMNSLRAEDTAVYY,AAGTACTATGTGGACTCAGTGAAGGGCCGATTCACCATCTCCAGAGACAACGCCAAGAGGTCACTGTTTCTGCAAATGAACAGCCTGAGAGCCGAGGACACGGCTGTGTATTAC,CASRFCTGSACFSSSWLCFDDW,TGTGCGAGTAGATTTTGTACTGGTAGCGCGTGTTTTTCCAGCAGCTGGCTCTGCTTTGACGACTGG,GQGTLVTVSS,GGCCAGGGAACCCTGGTCACCGTCTCCTCAG,531,483,clonotype12,clonotype12_consensus_1,1
GACGTGCTCGCAAGCC-1,true,GACGTGCTCGCAAGCC-1_contig_1,true,662,IGH,IGHV3-43,,IGHJ4,IGHA1,true,true,EVQLMESGGVVVQPGGSLRLSCAAS,GAAGTGCAATTAATGGAATCTGGGGGAGTCGTGGTACAGCCTGGGGGGTCCCTAAGACTCTCCTGTGCAGCCTCT,GFTFDDY,GGATTCACCTTTGATGATTAT,AMHWVRQAPGKGLEWVSFI,GCCATGCACTGGGTCCGTCAAGCTCCGGGGAAGGGTCTGGAGTGGGTCTCTTTTATT,TWHGGG,ACTTGGCATGGTGGTGGC,TYYADSVKGRFTISRDSNKNSLYLHMNSLRPEDTALYY,ACCTACTACGCAGACTCTGTGAAGGGTCGATTCACCATCTCCAGAGACAGCAACAAAAACTCCCTATATCTGCACATGAACAGTCTGAGACCTGAGGACACCGCCCTCTATTAC,CAKDIGIRDQWLGIDFW,TGTGCAAAAGATATTGGAATAAGAGACCAGTGGCTGGGAATTGACTTCTGG,GQGTHVTVSS,GGCCAGGGAACCCACGTCACCGTCTCCTCAG,437,405,clonotype7,clonotype7_consensus_1,1
GACGTGCTCGCAAGCC-1,true,GACGTGCTCGCAAGCC-1_contig_2,true,642,IGL,IGLV5-45,,IGLJ3,IGLC2,true,true,QALLSQPPSLSASPGASASLTC,CAGGCTCTGCTGAGTCAGCCGCCTTCCCTCTCTGCATCTCCTGGAGCATCAGCCAGTCTCACCTGC,TLRSGLNVANYRIY,ACCTTGCGCAGTGGCCTGAATGTTGCTAATTATAGGATCTAC,WYQQKPGSRPQYLVR,TGGTACCAGCAGAAGCCAGGGAGTCGTCCCCAGTATCTCGTGAGG,YKSDSDKQRGS,TACAAATCAGACTCAGATAAGCAGCGGGGCTCT,GVPSRFSGSKDDSANAGILFIFGLQSEDEADYY,GGAGTCCCCAGTCGCTTCTCTGGATCAAAAGATGATTCGGCCAATGCAGGGATTTTATTCATCTTTGGGCTCCAGTCTGAGGATGAGGCTGACTATTAC,CMTWHRSAWVF,TGTATGACTTGGCACAGGAGCGCTTGGGTGTTC,GGGTKLTVL,GGCGGAGGGACCAAGCTGACCGTCCTAA,5099,4307,clonotype7,clonotype7_consensus_2,1
GAGTCCGAGTGTGAAT-1,true,GAGTCCGAGTGTGAAT-1_contig_1,true,637,IGL,IGLV2-23,,IGLJ3,IGLC2,true,true,QSALTQPASVSGSPGQSITISC,CAGTCTGCCCTGACTCAGCCTGCCTCCGTGTCTGGGTCTCCTGGACAGTCGATCACCATCTCCTGC,TGTSNDIGSYRLVS,ACTGGAACCAGCAATGATATTGGGAGTTATCGCCTTGTCTCC,WYQQHPGKAPKLMIY,TGGTACCAACAGCACCCCGGCAAAGCCCCCAAACTCATGATTTAT,EANKRPS,GAGGCCAATAAGCGGCCCTCA,GVSNRFSGSKSGNTASLTISGLQAEDEADYY,GGGGTTTCTAATCGCTTCTCTGGCTCCAAGTCTGGCAACACGGCCTCCCTGACAATCTCTGGGCTCCAGGCTGAGGACGAGGCTGATTATTAC,CCSYAGGRPRVF,TGCTGCTCGTATGCAGGTGGTCGCCCAAGGGTGTTC,GGGTKLTVL,GGCGGAGGGACCAAGCTGACCGTCCTAA,5618,4756,clonotype5,clonotype5_consensus_2,1
GAGTCCGAGTGTGAAT-1,true,GAGTCCGAGTGTGAAT-1_contig_2,true,648,IGH,IGHV3-33,,IGHJ4,IGHA1,true,true,QVQLVESGGGVVQPGRSLRLSCAAS,CAGGTGCAGCTGGTGGAGTCTGGGGGAGGCGTGGTCCAGCCTGGGAGGTCCCTGAGACTCTCCTGTGCAGCCTCT,GFTFSSY,GGATTCACCTTCAGTAGCTAT,GIHWVRQAPGKGLEWVTFI,GGCATACACTGGGTCCGCCAGGCTCCAGGCAAGGGACTAGAGTGGGTGACATTTATT,SYDGSN,TCATATGATGGAAGCAAT,KYYADSVQGRFTISRDNSKNTLYLQMNSLRAEDTAVYY,AAATACTACGCAGACTCCGTGCAGGGCCGATTCACCATCTCCAGAGACAATTCCAAGAACACGCTGTATCTGCAAATGAACAGCCTGCGAGCTGAGGACACGGCTGTTTATTAT,CVRDLVSIAAADGDFW,TGTGTGAGAGATCTTGTAAGCATAGCAGCAGCTGATGGTGACTTCTGG,GQGTLVTVSS,GGCCAGGGAACCCTGGTCACCGTCTCCTCAG,1800,1603,clonotype5,clonotype5_consensus_1,1
GCAATCAAGACTAGGC-1,true,GCAATCAAGACTAGGC-1_contig_1,true,640,IGH,IGHV4-30-4,,IGHJ4,IGHA1,true,true,QVQLQESGPGLVKPLETLSLTCTVS,CAGGTGCAGCTGCAGGAGTCGGGCCCAGGACTGGTGAAGCCTTTAGAGACCCTGTCCCTCACCTGCACTGTCTCT,GGSITSGEY,GGTGGCTCCATCACCAGTGGTGAATAT,YWTWVRQSPEKGLDWIGYI,TACTGGACTTGGGTCCGCCAGTCCCCAGAGAAGGGCCTGGACTGGATTGGCTACATC,YYTGT,TATTACACTGGGACC,TQYKPSLQSRVTISRDTSRNQFSLKMTSVTAADTAVYY,ACCCAATACAAACCGTCCCTCCAGAGTCGAGTTACCATTTCAAGAGACACGTCCCGGAACCAGTTCTCCCTGAAGATGACCTCCGTGACTGCCGCAGACACGGCCGTCTATTAC,CARGGDYGRKFDFW,TGTGCCAGAGGGGGTGACTACGGCCGCAAGTTTGACTTCTGG,GQGNLVTVSS,GGCCAGGGAAACCTGGTCACCGTCTCCTCAG,903,796,clonotype3,clonotype3_consensus_1,1
GCAATCAAGACTAGGC-1,true,GCAATCAAGACTAGGC-1_contig_2,true,563,IGK,IGKV4-1,,IGKJ2,IGKC,true,true,DIVMTQSPDSLAVSLGERATINC,GACATCGTGATGACCCAGTCTCCAGACTCCCTGGCTGTGTCACTGGGCGAGAGGGCCACCATCAACTGC,KSSQNLLNSNNKNFLSW,AAGTCCAGCCAGAATCTTCTTAACTCCAACAATAAGAACTTCTTATCTTGG,YQQKPGQPPKLLIHW,TACCAACAGAAGCCAGGACAGCCTCCTAAGCTGCTCATTCACTGG,ASTRESG,GCATCTACCCGGGAATCCGGG,VPDRFTGSGSGTDFTLTISSLHAEDVAVYH,GTCCCTGACCGATTCACTGGCAGCGGGTCTGGGACAGATTTCACTCTCACCATCAGCAGCCTGCACGCTGAAGATGTGGCAGTTTATCAC,CQQYYSTPYTF,TGTCAGCAATATTATAGTACTCCGTACACTTTT,GQGTKLEIN,GGCCAGGGGACCAAGCTGGAGATCAATC,2333,1944,clonotype3,clonotype3_consensus_2,1
GCGCAGTTCAGCTGGC-1,true,GCGCAGTTCAGCTGGC-1_contig_1,true,648,IGL,IGLV1-47,,IGLJ3,IGLC2,true,true,QSVLTQPPSASATPGQRVTISC,CAGTCTGTGCTGACTCAGCCACCCTCAGCGTCTGCTACCCCCGGACAGAGGGTCACCATCTCTTGT,SGSTSNIGNNYVY,TCTGGAAGCACGTCCAATATCGGAAACAACTATGTATAT,WYRQFPGTGPTLLIY,TGGTACCGGCAGTTCCCAGGAACGGGCCCCACACTCCTCATCTAT,RNDQRPS,AGGAATGATCAGCGGCCCTCA,GVPDRFSGSKSGTSASLAISGLRSDDEADYY,GGGGTCCCTGACCGATTCTCTGGCTCCAAGTCTGGCACCTCAGCCTCCCTGGCCATCAGTGGGCTCCGGTCCGACGATGAGGCTGATTATTAC,CAAWDDTLGGHCVF,TGTGCAGCATGGGATGACACCCTGGGTGGTCATTGCGTGTTC,GGGTKLTVL,GGCGGAGGGACCAAACTGACCGTCCTAC,3595,3061,clonotype14,clonotype14_consensus_2,1
GCGCAGTTCAGCTGGC-1,true,GCGCAGTTCAGCTGGC-1_contig_2,true,684,IGH,IGHV3-7,,IGHJ4,IGHA1,true,true,DVKLVESGGGSVQPGGSLRLSCAAS,GACGTGAAGCTGGTGGAGTCGGGGGGAGGCTCGGTCCAGCCTGGGGGATCCCTGAGACTCTCATGTGCAGCCTCT,GFPFSSY,GGATTCCCCTTTAGTAGTTAT,WMSWVRQAPEKGLEWVANI,TGGATGAGCTGGGTCCGGCAGGCTCCAGAGAAGGGGCTGGAGTGGGTGGCCAACATA,KQDGSE,AAGCAAGATGGAAGTGAG,KFYVDSVKGRFTISRDNAKNSVFLQMNSLKSEDTAVYY,AAATTCTATGTGGACTCTGTGAAGGGCCGATTCACCATCTCCAGAGACAACGCCAAGAATTCAGTGTTTCTGCAAATGAACAGCCTGAAATCCGAGGACACGGCTGTCTATTAT,CTRESADTVVLSSPTRHTYAPWDW,TGTACGAGAGAGTCGGCGGATACTGTGGTGCTCTCATCTCCTACACGACACACGTATGCCCCCTGGGACTGG,GQGTLVTVSS,GGCCAGGGAACCCTGGTCACCGTCTCCTCAG,1590,1458,clonotype14,clonotype14_consensus_1,1
TCAACGACAGATTGCT-1,true,TCAACGACAGATTGCT-1_contig_1,true,551,IGK,IGKV1-5,,IGKJ1,IGKC,true,true,VIQMTQSPSTLSASVGDRVTITC,GTCATCCAGATGACCCAGTCCCCTTCCACCCTGTCTGCATCTGTAGGAGACAGAGTCACCATCACTTGC,RASQSIGDWLA,CGGGCCAGTCAGAGTATTGGTGACTGGTTGGCC,WYQQKPGKAPNLLIY,TGGTATCAGCAGAAACCAGGAAAAGCCCCTAACCTCCTAATCTAT,KSSSLER,AAGTCGTCTAGTTTGGAGAGG,GVPARFSGSGSGTEFTLTISSLQPDDFATYY,GGGGTCCCAGCAAGGTTTAGCGGCAGTGGATCTGGGACAGAATTCACTCTCACCATCAGCAGCCTGCAGCCTGATGATTTTGCAACTTATTAC,CQQYNSYYRTF,TGCCAACAGTATAATTCTTATTATCGGACGTTC,GQGTKVEIR,GGCCAAGGGACCAAGGTGGAGATCAGAC,2434,2026,clonotype9,clonotype9_consensus_2,1
TCAACGACAGATTGCT-1,true,TCAACGACAGATTGCT-1_contig_2,true,570,IGH,IGHV3-20,,IGHJ4,IGHA1,true,true,DVQLVESGGGVERPGGSLRLSCAGS,GACGTGCAGTTGGTGGAATCTGGGGGAGGTGTGGAACGGCCGGGGGGGTCCCTAAGACTCTCCTGTGCAGGCTCT,GFDFGDF,GGATTCGACTTTGGGGATTTT,DMSWVRQAPGKGLEWVAGI,GACATGAGCTGGGTCCGCCAGGCTCCAGGGAAGGGACTGGAGTGGGTCGCTGGTATT,GWNGGS,GGCTGGAACGGCGGCAGC,PTYADSVKGRFIISRDNAKRSVFLQMGSLRVDDTAYYY,CCAACTTATGCAGACTCTGTGAAGGGCCGGTTCATCATCTCAAGAGACAACGCCAAGAGGTCCGTCTTTCTGCAAATGGGCAGTCTGAGAGTCGACGACACGGCCTACTACTAC,CARVPRGDFHDSFGFHDYW,TGTGCGAGAGTCCCCCGGGGGGATTTCCATGACAGCTTTGGGTTCCATGACTACTGG,GQGSQVTVSS,GGCCAGGGATCCCAGGTCACCGTCTCCTCAG,622,573,clonotype9,clonotype9_consensus_1,1
TTCGAAGCAAGGTTCT-1,true,TTCGAAGCAAGGTTCT-1_contig_1,true,664,IGH,IGHV3-72,,IGHJ2,IGHA2,true,true,EMQLVESGGGLVQPGGSLRLSCAAS,GAGATGCAGCTGGTGGAGTCTGGGGGAGGCTTGGTCCAGCCTGGAGGGTCCCTGAGACTCTCCTGCGCAGCTTCT,GFSFSDQ,GGATTTAGTTTTAGTGACCAA,YMDWVRHVPGKGLEWVGRS,TATATGGACTGGGTCCGCCACGTTCCAGGGAAGGGGCTGGAGTGGGTTGGCCGTTCC,RSKSRSYS,AGAAGCAAAAGTAGGAGCTACTCC,TEYAASVEGRFTISRDDAKNTLYLQMNSLKTEDTATYF,ACAGAATACGCCGCGTCTGTGGAAGGCAGATTCACCATCTCAAGAGATGATGCAAAGAACACACTGTATCTGCAAATGAACAGCCTGAAAACCGAGGACACGGCCACTTACTTC,CARYHGDSYWYFDLW,TGTGCCAGATACCACGGTGATTCTTACTGGTATTTCGATCTCTGG,GRGTLVIVSS,GGCCGTGGCACCCTGGTCATTGTCTCCTCAG,626,571,clonotype6,clonotype6_consensus_1,1
TTCGAAGCAAGGTTCT-1,true,TTCGAAGCAAGGTTCT-1_contig_2,true,563,IGK,IGKV2-28,,IGKJ4,IGKC,true,true,DIVLTQSPLSLPVTPGEPASISC,GATATTGTGCTGACTCAGTCTCCACTCTCCCTGCCCGTCACCCCTGGAGAGCCGGCCTCCATCTCCTGC,RSSQSLLESRGYNYLD,AGGTCTAGTCAGAGCCTCCTTGAGAGTCGTGGATACAACTATTTGGAT,WYLQKPGQSPQLLIF,TGGTATTTGCAGAAGCCAGGGCAGTCTCCACAGCTCCTGATCTTT,LGSNRAS,TTGGGTTCTAATCGGGCCTCC,GVPDRFSGSGSGTDFTLKISRVEAEDVGVYF,GGGGTCCCTGACAGGTTCAGTGGCAGTGGATCAGGCACAGATTTTACACTGAAAATCAGCAGAGTGGAGGCTGAAGATGTTGGTGTTTATTTC,CMQALQLPLTF,TGCATGCAAGCTCTACAACTTCCGCTCACTTTC,GGGTKVEIK,GGCGGAGGGACCAAGGTGGAGATCAAAC,1814,1538,clonotype6,clonotype6_consensus_2,1
